mag,mag_error,time
1.76875655726856,0.004421166534245211,2019-09-04T20:37:52.578
5.944120370599607,0.3097238900609892,2019-08-20T04:58:04.866
1.7486191713557595,0.0025943365077010895,2019-08-21T11:44:19.767
1.7301318043016032,0.00396326517861431,2019-09-18T20:35:13.247
1.7670989952593867,0.004648612978804039,2019-08-18T20:54:58.695
1.6952328171452065,0.027009250944720228,2019-09-24T04:41:20.595
1.7493596250500332,0.003885530022454802,2019-09-03T20:47:45.872
1.7365842467100343,0.0033225807754306384,2019-09-05T07:46:41.123
1.8124877053837176,0.040397559813349214,2019-09-20T09:10:55.060
1.7546190077886017,0.006851938786555208,2019-08-16T20:55:21.706
1.7695062730259394,0.002516408245089129,2019-09-17T08:57:13.170
1.7370607173058463,0.003950258619194573,2019-09-21T00:03:21.233
7.044449378830706,0.5510597693867542,2019-08-30T00:24:15.350
1.6573930752042774,0.004140452970181422,2019-09-11T20:21:24.728
1.7185428184626552,0.004616390981698739,2019-08-13T21:06:27.794
1.6759527221493933,0.002629696699744139,2019-09-19T07:48:04.058
3.832671962390105,0.024261765235969873,2019-08-21T04:44:50.777
1.7085185014706585,0.0025895748337400725,2019-08-31T04:52:48.292
1.7879556393111589,0.004906792806191894,2019-09-28T20:21:25.812
1.7343654890105498,0.004683229873861054,2019-09-04T07:48:00.843
1.710101476273877,0.0028684007068240152,2019-08-13T08:50:08.305
1.7777259104572103,0.004252853175785885,2019-09-19T21:02:08.767
1.733241617971606,0.004565404144453929,2019-09-09T20:21:30.084
1.7203117072928737,0.0260651679370892,2019-08-30T20:32:25.321
1.8367782845453835,0.003842448702310045,2019-08-05T21:48:27.313
1.7374730345245943,0.004101536340026384,2019-09-25T20:50:02.199
1.733351547475797,0.004106472727240617,2019-08-14T23:46:48.422
1.6967433075238851,0.005942338448997656,2019-08-11T21:00:18.359
1.7763565135406871,0.004005584184721941,2019-08-04T04:22:59.089
1.7875821551054099,0.004262728067055098,2019-09-01T20:28:55.761
1.4677547493528698,0.018583165376651518,2019-09-23T20:30:40.610
1.7933251006744264,0.005375387254098131,2019-08-24T20:40:35.410
1.740671435209098,0.00645432984191335,2019-08-08T20:56:26.804
1.7668875984740584,0.005248644919232304,2019-08-27T00:02:55.888
5.35538870762266,0.09008773576963865,2019-09-22T00:07:34.553
1.3662879886090522,0.0017960285366811777,2019-09-30T08:54:32.362
1.7392095969452956,0.002491341302219127,2019-09-25T08:21:29.653
1.7432061761097462,0.004127340635812085,2019-09-26T20:04:33.432
1.67148407899694,0.007078170855048166,2019-09-02T07:53:27.505
1.6111321821263989,0.004151110922985878,2019-09-10T23:48:04.753
1.365348012547221,0.003076630511478099,2019-08-31T23:45:41.381
1.7246689064577527,0.0022563193264401224,2019-09-27T08:45:01.213
1.6561865733419143,0.0025012669691024964,2019-09-22T05:20:14.643
1.7166193632955729,0.003932036914913866,2019-09-17T20:19:50.866
4.610930185551409,0.049708900774949015,2019-08-26T04:54:11.046
1.6943559905713563,0.0041996117997187415,2019-08-18T23:48:02.199
4.595349309213774,0.04395587631155672,2019-09-03T23:45:40.605
1.7224339978694765,0.004690683572426757,2019-08-09T20:53:07.304
1.730057609595626,0.003977988701671381,2019-09-25T00:08:58.687
1.7811752224556443,0.00405201274336832,2019-08-21T00:38:58.397
1.739060140464792,0.004596264759934425,2019-09-12T07:48:47.902
1.7510150110455527,0.002359599058627442,2019-09-28T08:36:59.446
1.7199557533422087,0.003702164911609343,2019-08-11T03:25:04.309
4.647701011862514,0.05201194319430984,2019-08-10T21:09:34.767
1.6793769717859188,0.0023120116247682403,2019-09-29T08:04:32.851
1.7627794807225747,0.004656277907855239,2019-08-07T21:27:51.446
1.7038049024857536,0.0028820182923291154,2019-09-14T08:45:45.271
1.6994576454937533,0.004512334428090953,2019-08-12T22:57:49.073
1.7780038666753697,0.00446567069142213,2019-09-25T00:31:10.216
1.732973361265561,0.004865228992823181,2019-08-26T20:38:17.000
1.721271915425982,0.003934648138270775,2019-09-20T00:10:07.317
1.7536405135612867,0.0055217522084946985,2019-08-29T04:58:46.111
4.511261155108054,0.042950307515749554,2019-08-27T04:47:47.712
1.7167648304847969,0.004560791181070619,2019-09-29T04:11:22.860
1.7543589413191523,0.0039956553909700635,2019-08-29T20:37:39.449
1.776168468703025,0.00438873184726695,2019-09-18T23:45:53.993
1.7532095634157798,0.0044937494719471316,2019-08-17T20:45:46.092
1.7351129163688448,0.006783140982683385,2019-09-07T23:48:10.631
1.7451183739933125,0.004708856863974781,2019-09-15T00:15:15.853
1.6933722109114555,0.002789563412867794,2019-08-05T05:08:22.171
1.7873771316998255,0.004236424833394519,2019-09-26T00:34:32.932
1.6983727235846988,0.0024512222727379167,2019-08-24T08:10:29.384
1.7973775257229487,0.003983449095641196,2019-09-02T23:48:07.695
1.6447636593650685,0.003799131654613153,2019-09-21T20:07:04.585
1.697420643685967,0.030982548271074776,2019-08-23T20:57:09.095
1.7451086743108046,0.0035619135223855306,2019-08-06T03:22:48.730
1.7704435639159417,0.003929356721226045,2019-08-01T04:14:14.030
1.7361680276065297,0.0025301152409501018,2019-09-30T05:10:23.820
1.7692050709208011,0.0038169789523200535,2019-08-03T22:59:15.857
1.6944094124283033,0.008338144474425735,2019-08-25T20:45:36.732
4.662811231646145,0.09569292283174759,2019-08-15T08:52:26.628
1.330151440063208,0.004033362613674877,2019-08-16T00:28:18.529
1.7323178907156862,0.004352508728071001,2019-08-14T03:02:43.362
1.750297810700621,0.0038575460868145034,2019-08-02T22:27:45.578
1.756858489321326,0.0022787880214800004,2019-09-27T08:25:19.891
1.711109016288738,0.004700169382495353,2019-09-17T20:44:11.908
1.7578365542032799,0.0022834055174009104,2019-09-07T07:44:36.002
1.7609211392462694,0.0038964519240893324,2019-08-04T22:14:36.602
1.76541770817059,0.004668313275735548,2019-09-12T20:25:15.847
1.4103278185158459,0.00577365038736198,2019-09-30T00:11:27.266
1.4129585865526728,0.0030507014944211523,2019-09-20T21:03:14.008
1.6369314893836258,0.004108187609105703,2019-09-15T20:28:23.270
1.7317948697506917,0.0038102637081344906,2019-09-04T21:04:52.572
1.6960169468892534,0.0025927188253566276,2019-09-27T04:50:39.680
1.7588374780347902,0.004565524934644512,2019-08-13T03:17:25.860
1.7423186949943563,0.0026682905123466003,2019-08-18T11:54:30.232
1.7800393439763873,0.003890340928474488,2019-09-01T23:44:38.409
1.7163309375969327,0.002649286681186981,2019-08-11T08:50:29.718
1.7697167880474591,0.006897916396328034,2019-08-21T07:47:04.412
1.7682564143136208,0.005554719490450438,2019-09-23T20:07:03.930
1.7069122558612797,0.0034585784680577587,2019-08-17T07:46:52.749
1.7187878111282888,0.0036388133171684476,2019-09-26T05:12:16.091
4.171084115424212,0.0624768297067821,2019-09-30T00:13:21.984
1.7523192737706843,0.002212727254696633,2019-08-23T07:48:19.407
4.639253198240963,0.05252321527020975,2019-09-23T00:03:28.392
1.7326747319422502,0.01980621392184205,2019-08-20T07:47:49.666
1.6907196112227378,0.0037414428922851466,2019-09-05T20:45:45.897
4.537484634735574,0.07585084767534071,2019-08-15T04:49:34.534
1.7050650087271162,0.0026134346287375247,2019-09-26T04:51:27.463
1.735773355755999,0.004258918530655559,2019-09-11T23:46:55.968
1.7802836492052467,0.004340216365971984,2019-09-21T20:03:20.196
1.7756962425077418,0.005026250781277745,2019-08-07T08:28:33.490
1.7523970863155451,0.0023028862131039755,2019-08-09T08:26:24.542
1.7327968489074514,0.03367115596685413,2019-08-30T07:46:42.755
1.6718782443692781,0.002921850282924038,2019-09-02T04:55:44.024
1.3148093439677826,0.0040340155201260474,2019-08-16T00:31:59.899
1.721949526777749,0.004638622920359647,2019-08-14T20:52:45.836
1.7475190421139999,0.0023051570161622243,2019-08-24T11:45:41.319
1.7118878038983176,0.002617969604963742,2019-08-18T11:58:09.706
1.759504421542383,0.007209398780122367,2019-09-18T07:48:03.989
1.7489385004968767,0.0037776455661971044,2019-08-03T23:02:58.989
1.7660662592061698,0.003963822066215072,2019-08-06T21:06:37.679
1.698994253887486,0.0022731540458177896,2019-09-22T08:03:21.482
1.7169902420858278,0.0038475159101895463,2019-09-22T00:28:42.343
1.7965499360053219,0.00432296746265199,2019-09-20T20:53:59.021
1.7137097909163135,0.015862001763107154,2019-09-07T20:18:38.441
1.4412694875783014,0.003846733667513957,2019-09-06T23:48:05.176
1.6681234190822192,0.002556488310101793,2019-09-27T04:51:48.059
1.7758322923674719,0.0053845958932884595,2019-09-07T23:44:22.392
1.610153992820841,0.010672326965774321,2019-09-23T20:07:41.039
1.7452563660687819,0.004703343810065674,2019-09-15T00:18:58.862
1.6359526853325246,0.006981163464975875,2019-08-31T00:36:25.669
1.7448240629754377,0.002233338367373485,2019-08-08T08:27:36.730
1.7114052348117053,0.002659795817032637,2019-08-11T08:51:38.409
1.7913721937009264,0.00552410154832304,2019-09-29T00:30:18.770
3.707857944730452,0.020840572344176272,2019-08-27T07:45:32.507
1.3674127038482702,0.0017875581180418632,2019-09-30T08:36:00.447
1.77340418660574,0.004441497639588301,2019-09-24T00:08:27.692
1.7203230959951057,0.004057530261040079,2019-09-24T00:07:23.438
1.7271058003766093,0.00370528866871448,2019-09-05T23:50:40.920
3.5573866923553448,0.03087322196929571,2019-08-22T07:47:49.588
1.7697964530113826,0.004162460713512306,2019-08-24T00:25:16.347
1.706540746588919,0.004247247052547462,2019-08-19T00:15:53.511
1.6457493710319984,0.004105539074442183,2019-09-12T20:48:44.991
1.7378542939304769,0.004880551954013845,2019-08-26T20:40:45.567
1.659631784785276,0.0025568785258296366,2019-09-05T04:55:01.406
1.7429835883241154,0.004861514151214503,2019-09-30T20:07:02.260
1.7669824039781137,0.0023246343233848587,2019-08-09T08:25:11.256
1.697911901329169,0.002727860679060966,2019-09-06T07:45:41.243
5.002915264913172,0.11598453106707783,2019-08-15T04:48:26.036
1.6741802536544323,0.0023295679141177015,2019-08-13T08:27:32.595
1.1984464616845045,0.002847106153414958,2019-09-08T20:19:49.940
1.7067063838354262,0.002631618106201139,2019-09-25T05:11:08.271
4.111333683793926,0.03643146033853903,2019-09-12T23:44:28.641
1.712536595434477,0.004876226325698724,2019-09-24T04:18:49.937
1.746481948998472,0.0030545515559906385,2019-08-04T09:56:10.318
1.6956926039430744,0.002785891094289395,2019-08-05T05:04:56.229
4.669257456321115,0.05389027285178459,2019-09-23T00:07:12.651
1.778629006252098,0.0040023431207378635,2019-08-02T04:39:46.307
4.566507553946844,0.04618552740638966,2019-08-26T07:46:43.488
1.7054148432925569,0.00264033435491534,2019-08-20T11:52:04.516
1.7611787087137571,0.0022448310866711374,2019-09-25T08:16:45.679
3.7221771559726715,0.020893718725887845,2019-08-22T04:55:26.945
1.7134685114951722,0.0038621792401149248,2019-09-21T20:03:22.518
1.7355813533514581,0.004134213434921043,2019-08-29T00:13:35.436
1.7658996994654022,0.004031564146607036,2019-08-29T20:36:26.485
1.7497399392438666,0.004503000527573861,2019-08-17T20:44:32.525
1.737694841567805,0.0025717902722737743,2019-09-29T08:18:37.514
3.6681487391043017,0.020305136706429968,2019-08-25T07:45:34.310
1.7768778546815636,0.004072571806657002,2019-08-21T20:56:30.620
1.7234439097832297,0.004830002718358741,2019-09-04T21:01:10.760
1.5517542660900752,0.07651278469143713,2019-08-16T11:45:41.515
1.719620061229893,0.004845757339866224,2019-09-18T00:09:47.256
1.7822177526649057,0.004211599432999118,2019-09-26T00:33:19.060
1.7280003427736297,0.003687074548604591,2019-09-11T07:45:38.085
1.7066072332025861,0.0022176898012063913,2019-09-26T08:17:07.537
1.7826996983369785,0.004366166992609409,2019-09-24T20:20:01.720
1.66274290982874,0.004720033915279188,2019-09-17T20:47:53.480
1.748287214075777,0.004625246495031468,2019-09-12T20:27:44.391
1.7293951323906143,0.004006157268305831,2019-08-11T21:28:44.161
1.7145617005559828,0.003925859904406223,2019-09-21T00:27:37.011
1.9553083816188241,0.006850302336234257,2019-08-11T21:01:32.880
1.7480689397258296,0.004098808099314392,2019-08-22T20:56:58.429
1.6637135121810207,0.0025962679722354733,2019-09-27T05:12:32.528
1.7853588483796283,0.0044714065796404015,2019-09-06T20:22:50.236
1.7422126270286107,0.004495795823784408,2019-09-13T23:44:27.221
1.788484262683319,0.004525546665752936,2019-08-19T20:54:01.240
1.7324084295618754,0.0023966630051295277,2019-08-18T08:57:44.771
1.7529519875726365,0.004393842706326311,2019-09-27T20:30:37.087
1.6613554807990614,0.005337496270058839,2019-08-16T23:47:04.999
1.7357646915769127,0.004104767692252739,2019-09-26T20:05:46.768
1.7313136861380496,0.002664592490702258,2019-09-19T07:44:24.503
1.7298207273656239,0.002247416413070182,2019-09-26T08:42:06.659
1.7606218988621514,0.0026139288379268444,2019-09-28T08:36:29.699
1.7198289854560063,0.004787371019622186,2019-09-29T00:22:31.797
1.73929394394648,0.003916502233020134,2019-09-23T00:06:59.956
1.7245499024872757,0.004004782184395449,2019-09-08T23:46:50.749
1.7433875006712274,0.004624804092931676,2019-08-13T21:08:56.327
1.7535949263734896,0.00438462845187546,2019-09-27T20:10:58.176
1.7661235564076154,0.0041141820486788605,2019-09-26T00:06:25.714
1.7717587981798868,0.004426789591194985,2019-09-24T00:09:42.093
1.7855588954602837,0.004526088394638856,2019-09-26T00:31:03.443
1.7468062051219562,0.004661990803234855,2019-08-18T20:58:45.737
1.6970554795074264,0.002656839202100215,2019-09-23T05:12:16.432
1.7340474930548844,0.00406282277882189,2019-09-13T07:46:51.077
1.756099266771006,0.0025759716400981327,2019-08-21T11:48:00.294
1.7495907257397967,0.005187328678312447,2019-09-20T05:12:13.290
1.8122474617308573,0.005952622449183669,2019-08-28T00:35:25.563
1.6379165290688107,0.004421124144235761,2019-08-17T23:48:02.807
1.690298930132336,0.002309114173259361,2019-08-19T07:44:21.309
1.794155376931327,0.01617898117469119,2019-08-29T07:46:40.998
1.7443020225309969,0.002320338943838862,2019-09-23T09:10:20.637
1.5819245214710946,0.02201724346417385,2019-09-29T05:12:36.205
1.778377457099248,0.004178089524157756,2019-08-10T02:59:46.542
1.7293653713322534,0.003723740324074899,2019-08-11T03:23:46.806
1.6964914242769389,0.003821128401517725,2019-09-19T21:09:03.650
1.6875855809429758,0.0022926570920092145,2019-08-12T08:27:39.630
6.19998720647779,0.24264416988561008,2019-08-27T20:55:11.632
1.6879622750155505,0.06656234288660517,2019-08-30T04:54:37.847
1.1940455109957089,0.002827622742869038,2019-09-08T20:21:04.870
1.793874587940751,0.004095699556880519,2019-08-21T00:35:14.276
1.7872522220127092,0.00491433878685614,2019-09-05T07:45:32.730
1.7007470577088961,0.01863516577670827,2019-09-20T08:24:04.053
1.7329954055517423,0.0034988831947793306,2019-08-19T11:46:33.147
1.727900822152371,0.003945622578395971,2019-09-24T20:34:05.109
1.7971123797462578,0.004584098234601696,2019-09-26T20:10:53.247
1.601706109032726,0.003966441043195436,2019-09-14T20:31:22.734
1.6900695582856748,0.004254449173154733,2019-08-25T23:45:40.829
9.925264006583397,10.761809081958246,2019-08-10T08:28:48.899
1.7332003259223665,0.003926742113347825,2019-09-21T00:07:01.800
1.7195830657191493,0.0028942022489581954,2019-09-30T04:55:14.800
1.7858253039386973,0.005871302185461951,2019-08-25T00:24:10.839
1.6747105928301949,0.0025502665415124107,2019-09-22T05:16:33.537
1.7223631218708881,0.002845819222351922,2019-08-06T10:08:46.344
1.672560635265878,0.002616776331389461,2019-08-08T05:00:35.000
1.733155574403387,0.005031980843106178,2019-09-20T05:13:26.476
1.3479798688937699,0.0271955670292236,2019-09-23T20:33:07.797
1.78088917871281,0.004313654736354178,2019-09-19T21:03:23.154
1.7174127087779887,0.004528663763723355,2019-09-09T20:22:44.338
1.675402175662704,0.0025970381173993015,2019-09-04T04:40:51.077
1.7521678328349886,0.006280182829994203,2019-08-08T21:00:09.711
1.7247838188533464,0.0022213589440721097,2019-09-26T08:15:54.429
1.730074448988434,0.004102775552300724,2019-08-14T23:45:35.128
1.7165197591836439,0.007025363392570763,2019-09-04T21:09:47.929
1.7534764376482403,0.005155962421515602,2019-08-24T20:43:01.771
1.3603232666568061,0.0017721900957404686,2019-09-30T08:38:28.754
3.693185729600202,0.020568206484130016,2019-08-27T07:47:49.315
1.728540577738455,0.004981888039717402,2019-09-20T05:14:39.655
1.6753696912774316,0.0025996465859343108,2019-08-08T05:01:43.458
1.3616392238156205,0.0029818214964697745,2019-08-12T03:10:01.319
1.7188473404773656,0.003369630116905209,2019-09-30T04:58:41.121
1.6633616690456083,0.002527247326508831,2019-09-22T05:17:48.231
5.3801805560218625,0.2374155942227026,2019-09-22T08:19:47.078
6.824767318598212,0.40876591392290845,2019-08-19T00:18:21.604
1.7713042599536042,0.0041545290280907395,2019-08-24T00:27:43.542
1.7658604312002453,0.0039867907794130485,2019-08-04T04:25:32.242
1.7207594431845727,0.003022976207480978,2019-09-03T07:46:42.219
1.680610303092834,0.0025926369954889414,2019-09-04T04:44:16.595
1.7699694301095725,0.005485478075263617,2019-09-23T20:03:20.676
1.731192657099104,0.004449261151779379,2019-09-12T07:51:14.158
1.7080252386969903,0.004690503278211556,2019-09-13T20:17:37.826
1.6607842766821914,0.0027659480847391474,2019-08-07T05:02:44.854
1.7454950519453671,0.0026571795805825893,2019-08-18T11:55:43.347
5.529337001150318,0.157516571737945,2019-08-27T20:53:58.102
5.747129430186738,0.19038259436803404,2019-09-15T23:46:52.099
1.7321782173200049,0.005343961834409701,2019-08-10T08:25:05.798
1.7891291616593676,0.008491536471014846,2019-08-30T07:45:34.264
1.6617589215200343,0.0024667682531534472,2019-08-03T05:06:24.827
1.7360505104397106,0.004150652630527386,2019-09-10T00:18:33.468
1.696988471459301,0.07318713247257035,2019-09-16T20:17:22.876
1.73876807015413,0.004060792519829377,2019-09-24T20:32:51.457
1.749434670990098,0.002215094361065515,2019-08-23T07:44:39.114
4.155026572510298,0.05138880547647342,2019-09-30T00:17:05.127
1.7565277310023077,0.0038412174282133316,2019-09-03T23:44:27.051
1.682907988169486,0.002671765974691723,2019-09-23T05:11:03.297
1.7688234812273773,0.004884856787614571,2019-08-26T20:37:02.712
1.7859357181391537,0.004538509145811117,2019-09-26T00:29:48.996
1.7039469063837647,0.0450659943988913,2019-09-24T04:43:37.420
1.7220440146552924,0.006760178931260925,2019-09-13T07:48:04.218
1.7966176218691974,0.004173297970421983,2019-08-22T00:40:35.283
1.5761167516340224,0.02218559500158389,2019-09-29T05:13:44.586
1.7491082006598218,0.01731600913077522,2019-08-29T07:45:32.497
1.779260454565673,0.004391736853658946,2019-09-04T20:35:17.297
1.71961341552427,0.0022583780220261215,2019-09-22T05:18:08.363
1.754402677951667,0.0025812899944387202,2019-08-21T11:46:46.456
1.7252587299892799,0.004649495625618291,2019-09-20T05:15:54.927
4.677457075557082,0.050510594169423766,2019-08-27T04:48:56.212
1.6988988547141446,0.0028821651313784453,2019-08-13T08:47:51.317
1.7257938615488815,0.002391849205972533,2019-08-18T08:56:31.719
1.7644930150819498,0.003964687829144366,2019-09-02T20:52:46.905
1.7199246556351522,0.0044402030597963955,2019-09-13T23:45:42.009
1.7795879284526084,0.004507828428946058,2019-08-19T20:52:46.838
1.7805405878949827,0.004908218687838511,2019-09-28T20:18:54.987
1.724992626882763,0.004084221021164152,2019-08-22T20:58:12.392
1.8153714048353091,0.0037793746051525638,2019-08-05T21:45:59.871
1.7663412832519363,0.0044075997353753265,2019-09-06T20:21:35.605
1.7268621784658915,0.0041193801803582775,2019-09-25T20:52:29.855
1.7094725532062416,0.003947497993900286,2019-09-08T23:45:37.440
5.1857840394440355,0.10001724188975405,2019-08-30T00:21:48.519
1.6547199782410669,0.004168296197844089,2019-09-11T20:23:51.089
1.7419918959540048,0.002473307858332427,2019-09-01T07:54:00.713
1.6989764052847196,0.0022349584472665094,2019-09-26T08:43:22.139
1.7364847593544042,0.004295441923325876,2019-09-27T20:31:50.686
1.7627804250551105,0.005322398549294206,2019-08-24T20:39:22.159
4.323554982680214,0.035133338830411705,2019-09-22T00:08:48.128
1.7715676587507456,0.004401639361999952,2019-09-20T00:11:07.531
1.726758048804406,0.0032513119454411466,2019-09-13T07:44:24.544
3.707051499119789,0.021147571783758458,2019-08-25T07:44:25.950
1.7510748290178402,0.0025249053935718895,2019-09-29T08:22:17.397
1.4443225254903584,0.07155973386424581,2019-08-16T11:46:54.678
1.7405184321492992,0.0040387196362632995,2019-09-04T21:02:24.531
1.7515629716402117,0.004607869808553423,2019-09-12T20:28:58.613
1.6883007481091195,0.00392552079120534,2019-09-17T20:21:04.840
1.6289361908203492,0.005477485894899455,2019-09-17T20:46:40.139
1.7940302064227112,0.004398917258860229,2019-09-24T20:16:17.837
1.328049904844324,0.005143883377748551,2019-09-30T00:13:55.743
1.7002202241619138,0.004448963868434853,2019-09-30T20:08:59.367
1.353201199593416,0.0017860406759794014,2019-09-30T08:55:45.382
1.710898185673157,0.004188787498177216,2019-09-10T23:44:24.485
1.7483333855234005,0.0024973756143103452,2019-09-25T08:22:42.719
1.7050554895794559,0.0037185053986641048,2019-09-05T20:42:04.251
1.6808950379883463,0.005084806270393745,2019-09-15T23:45:38.646
1.7862625525841427,0.004034599661217214,2019-08-02T04:38:31.788
1.720949297573629,0.004698664886871712,2019-08-09T20:54:22.007
5.236553076207815,0.09357577147203552,2019-08-18T23:44:21.814
1.764821469681186,0.003522269871028599,2019-08-04T09:57:23.539
4.6173807226359855,0.04993527646826306,2019-08-26T04:55:19.447
1.710988846721655,0.0026163342999206106,2019-09-26T04:53:44.785
1.7308571611329313,0.0028241405474120117,2019-09-25T05:07:26.303
1.7692068719723437,0.0063700739963167986,2019-08-21T07:44:37.991
4.938971375686659,0.06480196911275064,2019-08-26T07:45:34.957
1.7394380091183628,0.004011573797384503,2019-09-25T00:07:44.694
3.7136610536037367,0.02071012632606259,2019-08-22T04:54:18.541
1.7618536219635015,0.0022505775635897176,2019-09-25T08:15:32.494
1.7195838578493081,0.003985815751609384,2019-09-24T00:11:03.529
1.7397798666198696,0.0028652449543900894,2019-08-06T10:06:29.362
1.7750199350151288,0.005452604121243297,2019-09-29T00:31:33.241
8.027435580873426,7.267852426357452,2019-08-20T04:54:39.394
1.6998934513214508,0.0047490482099919774,2019-09-29T04:13:39.672
1.679190629474613,0.002841490300430095,2019-09-14T08:43:18.882
1.7687458843046748,0.004639658275382091,2019-08-07T21:29:06.029
1.7515115544967585,0.004921359289646775,2019-09-30T20:03:18.756
3.4732727753867403,0.041211511135556156,2019-08-22T07:44:24.299
1.6293342835772666,0.0041085449568128065,2019-09-12T20:49:58.545
1.7811102527774008,0.004519227174095529,2019-08-12T22:55:19.170
1.7517612891601697,0.007290131523490637,2019-08-16T20:56:36.461
1.7322882702030142,0.004657686443824748,2019-08-13T21:05:13.421
1.562420009671774,0.043143745475348216,2019-08-30T04:56:54.828
1.7400513624688134,0.008899079325367548,2019-09-18T07:44:23.387
1.7207411364110623,0.002539123089771895,2019-09-23T09:11:34.973
1.763943750870439,0.005832148773891317,2019-08-15T20:54:09.044
1.7164607451709735,0.0042108414747867515,2019-08-28T20:41:42.962
1.7418141106148468,0.00468332024378388,2019-09-15T00:17:44.670
1.6334700608393469,0.00420505706651162,2019-08-31T00:37:38.807
1.7712564043918935,0.0053691476437842025,2019-09-07T23:45:41.955
1.7266677618752393,0.003256572778565063,2019-08-22T11:53:45.842
1.7077179728197347,0.002364597809517876,2019-09-22T08:04:34.839
5.668851451191328,0.12062759683645438,2019-09-06T23:46:51.637
1.7719388113725305,0.004010796594486337,2019-08-06T21:02:54.922
1.7025204034243089,0.004254962019914492,2019-08-25T23:48:07.319
1.715723299012346,0.0024632798427418013,2019-08-24T08:12:57.657
3.6548117597006105,0.019600846661920145,2019-08-22T04:57:45.100
1.7735495424269931,0.005803886797819357,2019-08-17T07:45:38.472
1.727344279085667,0.0036415431733313477,2019-09-26T05:11:07.601
1.7560548877987614,0.004145907402983921,2019-08-29T00:16:04.193
1.6977730489893421,0.0037714533901551123,2019-09-19T21:07:47.657
1.81869318854325,0.003963593189080951,2019-09-01T23:48:18.039
1.7487044372760785,0.004854871669700334,2019-08-07T08:27:24.972
1.7327791317182157,0.004264947430930243,2019-09-21T20:07:04.200
1.8848418988019855,0.09062677538604783,2019-09-20T08:20:24.354
1.659468710400784,0.003711169576158852,2019-09-05T20:44:32.087
1.7286687733959312,0.004247067541328091,2019-09-11T23:45:42.745
1.706756532313337,0.002609614716445458,2019-09-26T04:50:18.973
1.7080041822184402,0.019567014851184204,2019-08-20T07:44:24.462
1.6613416564567114,0.0026618043417385596,2019-09-03T04:55:01.305
4.678816774861664,0.05447100959634174,2019-09-23T00:04:43.015
1.5256281066869164,0.02647167581360117,2019-08-16T04:51:38.526
1.7955430713648575,0.004055542679081873,2019-08-02T04:42:15.117
1.7042974456642916,0.004620996939073195,2019-09-24T04:21:06.728
1.757908552845434,0.0038678060962760727,2019-08-04T22:15:50.872
1.7571957943532528,0.0022847793010515953,2019-09-07T07:48:17.531
1.404333659841031,0.0030300163640000935,2019-09-20T21:02:00.769
1.7491024042879744,0.003831208814392125,2019-08-02T22:28:59.917
1.7448049857666366,0.004264676270026691,2019-08-28T20:40:29.742
1.7346846969073422,0.0022493087593899973,2019-09-27T08:28:59.171
1.7779861885994706,0.00586710040486657,2019-08-25T00:20:25.432
1.7408702263651499,0.004387083188238391,2019-08-14T03:01:30.157
1.7505841983695145,0.0025576571869841565,2019-09-23T09:10:20.567
1.7221425518465452,0.00411456325175094,2019-09-25T20:31:26.782
1.7560858782365738,0.004544695314640845,2019-08-13T03:18:40.296
1.7696094467749823,0.0040817690075957,2019-08-21T20:58:59.960
1.7330427580854764,0.0037877033304822023,2019-09-04T21:08:34.956
1.7425482507603895,0.003420953449027729,2019-08-22T11:50:06.192
1.72294863569139,0.002997901908370757,2019-08-05T08:26:17.451
1.8015255685728562,0.004012938730505018,2019-09-02T23:44:27.344
2.0877232695993087,0.18023759985679594,2019-09-21T04:44:05.971
1.703764599775635,0.0024650267608292307,2019-08-24T08:09:16.322
1.7185038740790652,0.0038442960985552665,2019-09-06T23:44:23.610
1.7794135917097798,0.004420601624579281,2019-09-20T00:07:23.252
1.331625833601203,0.004038022872188154,2019-08-16T00:29:31.757
1.7576322522910033,0.004394198102400816,2019-09-27T20:09:44.927
1.7385752275421407,0.0025891651112170846,2019-08-23T11:45:57.647
1.772257433799517,0.004719457161039833,2019-08-25T20:41:52.460
1.7495155011673234,0.003969961672453768,2019-09-23T00:03:19.665
4.307122743362532,0.0696140089481549,2019-08-15T08:51:18.138
1.7818636349678787,0.003843219122960361,2019-08-03T23:00:30.220
1.677183515217127,0.0053753967016878495,2019-08-16T23:48:18.218
1.6942948328216296,0.004418920136843281,2019-09-30T20:07:46.087
1.7646355502923985,0.004152028076901983,2019-08-09T02:26:28.243
0.19350609431459276,0.005168060217064561,2019-08-12T22:59:03.743
1.7754867280602138,0.004450244031553378,2019-09-25T00:29:55.704
3.192631458330407,0.0876239666745318,2019-08-25T04:37:18.167
1.7656430737731093,0.004783919147017857,2019-08-27T00:00:27.204
1.6503946441631712,0.017818491696438184,2019-08-26T04:02:32.342
1.6850473462668472,0.0027521750746604275,2019-08-03T08:26:17.801
1.7007469397450414,0.004343769397027575,2019-09-29T04:10:14.370
1.7550358466894664,0.00417010940435051,2019-08-10T03:01:00.958
1.7309336124984505,0.00231065434313665,2019-09-23T09:11:33.996
1.7592594084824977,0.00436013801510085,2019-09-18T23:44:38.941
1.728299227680484,0.0022562333196415457,2019-09-27T08:47:27.695
1.7225542421543807,0.003932671978603709,2019-09-20T00:06:27.196
1.6974589572951508,0.003948998369149064,2019-08-28T00:36:39.676
1.7324173506254823,0.004093881107127698,2019-09-25T21:16:30.512
2.103568875587415,0.0062489103061423275,2019-09-12T23:48:08.834
1.7082313607615394,0.0028015640802052143,2019-08-05T05:06:05.219
1.8034590155882881,0.004651418614049023,2019-09-26T20:08:24.400
1.6737314541486974,0.002334351161269679,2019-08-13T08:26:19.538
1.7792546115032444,0.004118078586896369,2019-08-22T00:41:49.631
1.7237761637102,0.002966438708648044,2019-08-19T11:48:59.338
1.7330650521893176,0.003939791713134256,2019-09-24T20:36:33.792
1.7509985135132933,0.0023229928356040953,2019-08-12T08:25:12.185
1.679778951238763,0.0038305523621235548,2019-09-21T20:04:36.942
1.6537606610401347,0.0026759547961875893,2019-09-03T04:56:10.014
1.582180249143443,0.0021806034819824263,2019-09-28T08:40:42.365
1.7026204095536386,0.006379699200327724,2019-09-12T07:47:34.628
1.7929251814109417,0.00408320388292653,2019-08-21T00:37:43.979
1.7344235876555292,0.00265430041422525,2019-08-20T11:53:17.639
1.74474275413988,0.00642373009575586,2019-08-08T20:57:41.080
1.7378557958854088,0.004828109305915329,2019-09-10T20:21:19.588
1.758146638167542,0.004241606948849458,2019-09-01T20:25:12.705
1.5340871778051124,0.007257645584926494,2019-09-18T00:06:02.282
1.772625943077939,0.0039562894931045025,2019-08-04T04:21:44.301
1.7413725986848991,0.007390051396693142,2019-08-29T04:56:29.140
1.7264311515337027,0.002456124053197719,2019-09-01T07:52:47.332
1.687672957180288,0.0026138590812641873,2019-08-08T04:58:18.127
1.3747579883245749,0.0031179818609815236,2019-08-31T23:44:28.030
1.7206211532234352,0.003960447799179441,2019-09-21T00:26:23.709
1.7307103040056777,0.00499809290201549,2019-09-11T07:46:51.280
1.648792637023794,0.012847417937322749,2019-09-02T07:50:02.194
1.7036076634230621,0.0026562030019601844,2019-09-19T07:46:50.808
3.793222895783245,0.022863957798241945,2019-08-21T04:48:16.224
1.7387385714660457,0.004708847126327855,2019-08-14T20:51:31.610
1.355242798065973,0.002964979870560598,2019-08-12T03:08:48.038
1.7551809971764563,0.002513891024463629,2019-09-10T07:46:50.679
1.6617580936959762,0.004177261894321462,2019-09-11T20:20:11.358
1.7358532010749474,0.0024817631303140296,2019-09-26T08:15:51.499
1.7136733212288426,0.008331000906360573,2019-09-17T08:53:32.853
1.6891751871339284,0.0030131075541290054,2019-09-02T04:54:35.523
1.7117988837648213,0.004759053448985272,2019-09-29T00:20:02.763
1.7665155209236119,0.004106301878010801,2019-08-22T20:54:26.992
6.674621783584687,0.32215963012014476,2019-09-25T20:48:49.078
1.613608699688701,0.010526781377796437,2019-09-23T20:06:27.535
1.7596034663492102,0.0036365979578142534,2019-09-04T07:44:21.360
1.7213261818534296,0.0030391888273384026,2019-09-03T07:45:33.824
1.8120572136285347,0.0043906543169457525,2019-09-20T20:50:15.389
4.167697315420079,0.030818710500016205,2019-09-22T00:29:56.809
1.7146349383941395,0.0025853192467547863,2019-08-31T04:51:39.897
1.7034159069497274,0.004677116319156981,2019-09-13T20:16:22.352
3.518167526119755,0.0628956181139446,2019-08-25T04:38:26.777
1.745960561582919,0.003959251977132162,2019-09-18T20:33:58.906
1.7031858674562645,0.0022391340828895505,2019-08-08T08:26:23.632
1.6373925913885419,0.004428793020274671,2019-08-17T23:45:36.354
1.68454800741587,0.0027576648380737124,2019-08-07T05:01:36.454
1.665787867128575,0.0023914107325172735,2019-08-19T07:46:47.797
1.6934180676931412,0.002837231137599128,2019-09-06T07:46:54.437
1.6778330001009074,0.002578091428402829,2019-09-05T04:56:09.820
1.651577126975246,0.0024839374050411264,2019-08-03T05:07:33.427
1.7383884393243267,0.0041596497985283655,2019-09-10T00:17:19.416
1.7260146301722639,0.003986918163818996,2019-09-26T00:08:52.378
1.7324834858906808,0.0042338909386006405,2019-08-14T08:27:42.965
-3.176969504308387,0.47784227106174754,2019-08-31T07:46:41.119
1.7713482930551283,0.004481639896677441,2019-09-26T00:33:32.016
1.7453539310035548,0.004675695875558391,2019-08-18T20:56:16.988
5.76326752337234,0.22639689287098166,2019-08-10T08:27:35.831
1.7031532864615997,0.004224635409465104,2019-08-25T23:44:27.476
1.795120723444537,0.004575547312628015,2019-09-26T20:12:07.629
1.6020030924124775,0.004001915142849064,2019-09-14T20:32:36.483
1.7108126923970755,0.02107711838021102,2019-09-20T08:22:50.707
1.7290625011602465,0.0034454316198752996,2019-08-19T11:45:20.028
1.7243055672490506,0.003930552689046699,2019-09-24T20:35:19.472
5.479414421876637,0.11181378721076247,2019-09-10T00:21:00.283
1.7502095885346467,0.004122400207801977,2019-09-25T21:17:43.824
1.7415237751251134,0.0035770850471781015,2019-09-05T07:44:24.240
1.189245180258677,0.002813489454101317,2019-09-08T20:22:17.869
1.4388822344837848,0.004088803627533954,2019-08-27T20:56:24.855
1.7741907732226068,0.06453386637170327,2019-08-30T04:53:29.450
1.696462112592231,0.0022966009986972896,2019-08-12T08:28:52.628
4.2726480555606905,0.04846035707221888,2019-09-22T08:22:13.677
1.8840486006383,0.3508463157979296,2019-08-30T20:34:55.904
1.6550368439549228,0.011006680962825179,2019-09-04T21:11:01.054
1.7117796732081558,0.0022195333147857826,2019-09-26T08:14:41.347
1.7365634777937196,0.004124103429456299,2019-08-14T23:44:21.645
1.7157324444382827,0.004494440633333872,2019-09-09T20:23:58.511
1.6793807035747932,0.0025796969335926782,2019-09-04T04:41:59.584
1.083288723331643,0.032963613366109354,2019-09-23T20:34:21.330
1.7362388766959214,0.00481209772990191,2019-09-10T20:22:34.542
1.7324862406394193,0.005955820993394558,2019-09-20T05:12:13.294
1.7361002802467809,0.0028368113432209493,2019-08-06T10:07:37.842
1.6771934512568354,0.002614923320737652,2019-08-08T04:59:26.527
1.758772299042656,0.0038506137672639296,2019-08-02T22:31:30.006
1.7126121596071968,0.002883067366830654,2019-09-30T04:56:23.197
1.7787097991177845,0.005923630758763218,2019-08-25T00:22:56.502
1.7380590335407806,0.003935894171984345,2019-09-21T00:05:48.373
1.7603694328617685,0.004393681739400064,2019-09-27T20:12:11.287
1.7450762497435353,0.00393144006131676,2019-09-23T00:05:46.722
1.7535942570567258,0.0024753236827924894,2019-09-10T07:48:03.737
1.7122447378846086,0.003962329653939467,2019-09-08T23:48:04.021
1.7084151549306323,0.004763117709761961,2019-09-29T00:23:45.383
1.7529785161904776,0.0026416401675631164,2019-09-28T08:37:42.812
1.7008240771276917,0.004428657019868612,2019-09-30T20:05:19.651
1.7667657361812257,0.004481440759503998,2019-09-27T20:29:23.529
1.666789400547449,0.005305640838021774,2019-08-16T23:45:51.860
1.7503851106139212,0.004150290972345395,2019-09-26T20:07:00.069
1.7177269756211953,0.0023988305513708012,2019-08-18T08:58:57.739
1.7742134183759788,0.003976589004863349,2019-09-02T20:50:20.054
1.6655403060064362,0.0026012712578092926,2019-09-27T05:11:24.046
1.780573388265621,0.004446194746329534,2019-09-06T20:24:04.754
1.845889090494321,0.006831712487821448,2019-08-11T21:02:47.341
1.7738992424275928,0.004103332374003364,2019-08-22T20:55:45.119
1.7600414298894655,0.004180174596528849,2019-08-10T02:58:32.291
1.726995469894737,0.003722599842178054,2019-08-11T03:22:33.147
1.746370825622857,0.012497918397707492,2019-08-29T07:47:49.471
1.563760610706372,0.02196261737950577,2019-09-29T05:11:27.825
1.7196460335339943,0.0022781440007051137,2019-09-22T05:15:38.423
1.5414446037733125,0.004426231440259995,2019-08-17T23:46:49.441
1.6757253953787021,0.0023350558568897804,2019-08-19T07:45:34.746
1.7350556306224636,0.004357052517622377,2019-09-20T05:13:26.619
1.7007417224238974,0.003943775951113013,2019-08-14T08:28:56.733
1.7029204152567576,0.0033924048016051424,2019-09-13T07:45:37.902
1.785220344565392,0.004507107526558843,2019-09-26T00:32:17.847
1.686533858436075,0.00261897019551922,2019-09-23T05:13:29.689
1.782919344994033,0.004459029852560921,2019-09-24T00:10:56.332
1.730509482723475,0.003986927673619885,2019-09-26T00:07:39.157
1.770509812313641,0.004056249075656488,2019-08-29T20:35:13.287
1.7648997301123845,0.0045473799057067985,2019-08-17T20:43:19.113
1.750229764398986,0.00416409251417879,2019-08-29T00:12:22.151
1.763686288585097,0.002249676328420153,2019-09-25T08:17:58.814
3.684992939595812,0.02017551806777429,2019-08-22T04:56:36.152
1.7284016638290804,0.003993353983539432,2019-09-25T00:05:14.865
5.080352743991282,0.07374993633890745,2019-08-26T07:47:51.856
1.7384778087673833,0.002654121198025239,2019-08-20T11:50:51.287
1.0791904717750915,0.028465296253417493,2019-08-16T04:50:30.022
1.786396650988051,0.004019888162929936,2019-08-02T04:41:00.800
1.6995272222949804,0.004732754499684449,2019-09-24T04:17:41.426
1.7540984769554946,0.0032320102194809187,2019-08-04T09:54:57.209
4.214451173202129,0.040028182076922846,2019-09-12T23:45:41.795
1.6873385613266763,0.0026612285310441157,2019-09-25T05:09:55.051
1.6730777359192022,0.002332024571809857,2019-08-13T08:28:45.749
1.7259222576378317,0.003967080496844752,2019-09-21T00:28:51.071
1.7461637457780412,0.004620384941410944,2019-09-12T20:26:30.149
1.7311612656070459,0.00401849324553256,2019-08-11T21:27:30.979
1.7249676232535922,0.002477415183730853,2019-09-01T07:50:16.008
1.694637789083096,0.002203811742209883,2019-09-26T08:18:20.588
1.789172179745238,0.004386414803635603,2019-09-24T20:18:47.256
1.73695195143201,0.0030558086277851747,2019-09-11T07:44:24.898
1.734119113407754,0.003049014041519537,2019-08-05T08:25:08.968
1.7065814188725916,0.0053289775385234155,2019-09-18T00:08:31.204
1.7382579630975723,0.004142878215695891,2019-09-25T20:30:13.244
1.9640074728012902,0.13379923983392528,2019-08-16T11:44:27.808
1.7495619336359756,0.0025472716076567203,2019-09-29T08:19:50.903
3.6603871425129473,0.020601942765589163,2019-08-25T07:46:42.791
1.7853625711513725,0.00409134525295608,2019-08-21T20:55:12.944
1.6662704370984862,0.005875949558083383,2019-08-31T00:35:12.447
1.6196560265010316,0.010912316067397489,2019-09-23T20:08:54.200
1.7704973204199295,0.014613256167941135,2019-09-07T20:17:22.744
1.812769995156513,0.00437075907755089,2019-09-20T20:52:44.898
1.7134867027218519,0.0038388243555258494,2019-09-22T00:27:29.213
2.095753901743631,0.20524392519549925,2019-09-21T04:47:31.164
1.7768532844553615,0.003975721046810791,2019-08-06T21:05:23.382
1.6877757416595465,0.011887248847213202,2019-09-18T07:46:50.978
1.7565487784503588,0.0023144948201089003,2019-08-24T11:46:54.347
1.734624840687479,0.005761003405128976,2019-08-15T20:51:40.237
1.702004307941321,0.0025448387835659675,2019-09-23T09:14:01.409
1.6764590018041474,0.0029302420039573405,2019-09-02T04:56:52.416
1.6820707102921446,0.002626177234023691,2019-08-23T11:44:44.455
1.7298324169978923,0.004215494206190078,2019-08-28T20:44:11.451
1.686502137908441,0.002594620617092379,2019-09-05T04:53:52.919
1.6290116577055915,0.017457242509603087,2019-08-26T04:03:40.923
1.7485623888023216,0.0049444837491028045,2019-09-30T20:05:47.761
1.7182918490776924,0.0026724376412884374,2019-09-06T07:44:28.102
1.6911209493888517,0.004226404455769728,2019-08-19T00:14:40.183
3.4906251825049512,0.04423070742760642,2019-08-22T07:46:41.218
1.769886752518378,0.004154187319287374,2019-08-24T00:26:29.669
1.7183384177215348,0.0036763766072558037,2019-09-05T23:51:54.220
1.7248636035111033,0.004018191581758926,2019-09-24T00:08:37.080
1.7211928758777688,0.0046689636278235275,2019-09-13T20:13:53.668
1.7781063713569196,0.004458250360449918,2019-09-24T00:07:12.347
1.6268207193179265,0.004179915155988805,2019-08-28T00:39:06.196
1.3741154486461369,0.0017955338943830494,2019-09-30T08:34:47.175
1.6586120201542478,0.002742130604138211,2019-08-07T04:59:19.586
1.6840410463614397,0.0026806226299072805,2019-08-03T08:25:09.111
3.6905416800812123,0.020598680530999846,2019-08-27T07:44:23.813
1.7529637072683055,0.0022354430230531242,2019-08-08T08:28:49.914
1.7622027204060888,0.004571898789439965,2019-08-13T03:16:11.438
1.6927642750968381,0.0026001410694942006,2019-09-27T04:49:31.208
1.7146701384591356,0.004088666168571267,2019-09-25T20:33:56.581
1.733746172839787,0.003812373325444175,2019-09-04T21:06:06.396
1.6668123213508625,0.004130153501724187,2019-09-15T20:27:09.999
1.7174195753161179,0.00301185773936904,2019-08-05T08:28:34.480
1.4170521506280807,0.0030478899019687525,2019-09-20T21:04:27.340
1.7555948836383681,0.002273935055378495,2019-09-07T07:45:50.891
1.7638578153290432,0.003901968596568591,2019-08-04T22:13:22.152
1.4697690729189805,0.0058849950869056256,2019-09-30T00:10:14.001
1.741905079157954,0.0022556268523932087,2019-09-27T08:26:33.051
1.7244530622850363,0.004324054797410801,2019-08-14T03:03:56.504
1.7514795248418213,0.0022994885998817174,2019-08-09T08:27:37.753
1.5060488351474834,0.0860255591168248,2019-08-30T07:47:51.377
1.7684394213956285,0.004307087312185287,2019-09-21T20:04:34.919
5.777090391240609,0.23772884490448953,2019-08-15T04:50:43.114
1.7093866362576975,0.002603950630301186,2019-09-26T04:52:35.885
1.7408150033723455,0.004286652101030373,2019-09-11T23:48:09.238
1.4860322991758261,0.022490909796663267,2019-08-16T04:53:55.436
1.7036605357810535,0.019476111630736506,2019-08-20T07:46:41.273
4.339629467549291,0.06949800248296635,2019-09-30T00:14:36.210
1.7443700049287685,0.0022182889562001925,2019-08-23T07:47:05.868
1.726379053895796,0.0071291036341637115,2019-08-17T07:48:06.113
1.7563687154255643,0.0024913397480907963,2019-09-26T08:14:37.212
1.7623950847037175,0.005496384731503133,2019-09-23T20:05:49.338
1.786474259501274,0.0038871983353837907,2019-09-01T23:45:51.757
1.756599045083341,0.0068972039549363325,2019-08-21T07:48:17.475
1.717829474729463,0.0026530097130070844,2019-08-11T08:49:21.129
1.7271088025415402,0.0038316013153795315,2019-09-19T21:05:20.275
1.6776209216882414,0.002916156343187687,2019-08-03T08:28:34.604
1.75526620914823,0.00398505292401104,2019-08-29T20:38:52.846
1.7569961858487488,0.00435172010372046,2019-09-18T23:47:08.350
1.7041904466963267,0.004623241680847179,2019-09-29T04:12:31.273
4.62499362762947,0.04743325336569174,2019-08-27T04:46:38.611
1.7627588026162524,0.007130817473202795,2019-08-29T04:57:37.630
1.7189829094456393,0.0039103063562416175,2019-09-20T00:08:53.996
1.73790290869246,0.004841875838818861,2019-08-26T20:39:31.408
1.7542952337390325,0.0028330139376681264,2019-08-04T09:53:41.810
1.7607255392571783,0.00412940920301932,2019-08-09T02:28:55.794
1.7774780252171283,0.004504014372139431,2019-08-12T22:56:34.076
1.6882207944179282,0.0029085622939732723,2019-09-14T08:46:58.443
1.6673269813578155,0.06545651906810171,2019-08-31T20:24:47.349
1.771208154114662,0.0046504312646220665,2019-08-07T21:26:36.579
1.6143880049727688,0.01740055382639072,2019-08-26T04:00:15.332
1.6982837742168222,0.002314754217422066,2019-09-29T08:05:46.052
1.7355361501913986,0.005757219076253408,2019-08-15T20:55:23.257
1.7204010085478494,0.0048477679325345715,2019-08-25T20:44:21.144
1.7373296159188705,0.002593707467048564,2019-08-23T11:48:24.035
1.748208844546033,0.002576592524243179,2019-09-30T05:09:10.634
1.7390991448306021,0.0035439859198024936,2019-08-06T03:21:35.275
1.6819454593367826,0.002212131435525226,2019-09-26T08:45:48.428
1.7392940626721316,0.02631756251078913,2019-08-23T20:55:54.802
1.6935224606352204,0.0044356404189177445,2019-09-13T23:48:08.377
1.798377118982641,0.003995066824918987,2019-09-02T23:46:54.249
1.7784778281819449,0.004201455918679291,2019-09-26T00:35:46.490
1.7338992550258236,0.002472535417002693,2019-08-24T08:11:42.769
1.725022330592413,0.003967128566406043,2019-09-17T20:18:37.471
1.7297886779340317,0.0022584512258459035,2019-09-27T08:43:48.077
1.7581277394386703,0.004093715185895644,2019-08-31T23:46:54.739
1.7021313888416092,0.0041491249220221935,2019-09-10T23:46:51.565
1.7072634074513235,0.007206676039875361,2019-09-02T07:52:19.004
1.7126180285835666,0.002497053958703677,2019-09-25T08:20:14.391
1.7340632712585613,0.004122491027399972,2019-09-26T20:03:20.262
1.7730352880349436,0.03764669445978181,2019-08-23T00:56:34.659
1.3666991885533246,0.0017926873326078233,2019-09-30T08:53:19.026
1.7681147952674383,0.005002668846405766,2019-08-27T00:01:41.704
1.727133151185745,0.0050657184473522935,2019-08-24T20:41:48.592
1.7558778034338829,0.004855468187413686,2019-09-10T20:18:49.757
1.3585521044167352,0.020769840899215998,2019-09-23T20:31:53.969
1.767533869727794,0.004216693719318148,2019-09-01T20:27:41.469
1.7715670408529682,0.00400227682871295,2019-08-04T04:24:16.109
1.80477283976521,0.006334197878054227,2019-08-11T20:59:04.012
1.6856002947072053,0.0040103638017708375,2019-08-10T21:08:20.618
1.5591612362455134,0.0216475563518495,2019-09-29T05:10:19.425
1.7402344158259595,0.002398851946872953,2019-09-28T08:38:16.273
1.7065795096007346,0.003912984266494039,2019-09-12T07:50:00.987
1.7690562523910263,0.004787883634973048,2019-08-09T20:51:52.777
1.733377194568595,0.0041293413360909,2019-09-25T21:14:03.384
5.8698076338395175,0.25494534584467304,2019-08-26T04:53:02.526
1.6997736596191189,0.004192383897723525,2019-08-18T23:46:48.946
1.7423223805313395,0.0038106924632197903,2019-09-03T23:46:53.805
1.7420084109703584,0.023972045504460346,2019-09-20T09:09:42.032
1.7563966379115623,0.002917552604810581,2019-09-05T07:47:49.631
1.7801007575835328,0.00475173699004108,2019-08-14T08:25:14.055
1.7664255269768265,0.003907203935907164,2019-09-03T20:46:32.435
1.6295899144534935,0.00410037998686098,2019-09-12T20:52:25.416
1.6936696502775703,0.012907809822824605,2019-09-24T04:40:12.195
3.5863036665301085,0.07802939945933741,2019-08-25T04:40:44.369
1.6678894979048202,0.0038192476202223973,2019-09-18T20:36:26.662
1.7737011831948646,0.004500246527754575,2019-09-04T20:39:07.937
nan,1.6329402085852234,2019-08-20T04:56:56.485
1.779984380826999,0.0055001211167099405,2019-09-29T00:34:01.614
1.725461512430158,0.002252546826049522,2019-09-22T05:19:21.490
1.8241621116522193,0.0038086458030086104,2019-08-05T21:47:13.110
1.73590333111588,0.0041401343874260445,2019-09-25T20:51:16.632
1.7160195808412233,0.0040925776528868115,2019-08-14T23:48:01.570
1.683868379991619,0.03899539115365776,2019-08-30T20:31:10.878
1.7311317668348742,0.004818768618519432,2019-09-04T21:12:15.505
1.7846371208635805,0.004287908356307363,2019-09-19T21:00:54.267
1.7313584553283317,0.004543682677546029,2019-09-09T20:20:15.604
1.723035924218033,0.0028960494030540397,2019-08-13T08:51:16.815
1.761290485102876,0.0045755330127859395,2019-09-04T07:46:47.739
1.7085023893102047,0.0023364408705812277,2019-09-22T08:07:00.991
1.7845259121628487,0.004906707500857788,2019-09-28T20:20:09.453
1.685440485747817,0.002555497154831872,2019-08-31T04:53:56.688
1.7749971671184248,0.003996749630939644,2019-09-02T20:54:00.255
1.73037217090463,0.00471594475843966,2019-08-14T20:49:02.825
3.7957291952271683,0.023126730167943987,2019-08-21T04:45:59.183
1.7445261403513044,0.0046150747488591165,2019-08-13T21:07:42.231
1.7177910552623654,0.0024919509557544666,2019-09-26T08:18:18.117
1.6585895661754702,0.004162059610240057,2019-09-11T20:22:37.798
1.7315534214909505,0.003914576743341463,2019-09-21T00:04:35.060
1.7688091908068806,0.0025440471463309346,2019-09-10T07:44:24.368
5.472043138087692,0.1295712163735127,2019-08-30T00:23:02.090
3.995322722383227,0.02893758142318415,2019-09-17T08:55:59.762
1.7157510670949208,0.0025953350925836576,2019-08-31T04:50:31.397
1.733469098544985,0.0030727740410412,2019-09-03T07:44:25.014
1.8124582571485028,0.004381495505619757,2019-09-20T20:51:30.392
1.7603896078270704,0.003907798379928677,2019-09-04T07:45:34.717
1.6056648448126696,0.010293182461003334,2019-09-23T20:05:14.387
1.7201996823882784,0.004782115314142225,2019-09-29T00:21:18.550
1.7701855401585593,0.004391393930383988,2019-09-17T08:54:46.341
1.7131731088837832,0.003192189588641747,2019-09-02T04:53:26.966
1.7708099209385733,0.00265364806882632,2019-09-28T08:35:15.050
1.7267864840608418,0.00251203168443211,2019-09-26T08:17:04.820
1.7527017853404416,0.0025272798707407043,2019-09-10T07:45:37.617
1.3615331033356508,0.0029913626222774848,2019-08-12T03:07:34.748
3.7978110931302007,0.0230028864524854,2019-08-21T04:47:07.715
1.7343722007029285,0.0047240236096154145,2019-08-14T20:50:17.267
1.6988854358965728,0.0026565478716972287,2019-09-19T07:45:37.675
1.7258446699072092,0.0038380017506497647,2019-09-03T20:45:16.424
1.7512691499047417,0.004654656171601518,2019-08-18T20:57:31.480
1.767437255821557,0.017597614291305793,2019-09-20T09:08:28.901
1.7578245151647742,0.00433787934036739,2019-08-14T08:26:29.763
1.7208035754365287,0.003958815808668615,2019-09-26T00:10:05.818
1.386226929870574,0.0031205855159941657,2019-09-06T07:48:07.549
1.6499690483514549,0.002464410193319957,2019-08-03T05:08:41.842
1.6677180022665414,0.0025736413186059136,2019-09-05T04:57:18.327
1.660189737311251,0.002733393817566737,2019-08-07T05:00:27.983
1.648130534777252,0.004481682082302154,2019-08-17T23:44:22.325
1.6803525943307065,0.002406532804017533,2019-08-19T07:48:00.895
1.7401844762836305,0.002237173667709422,2019-08-08T08:25:10.308
3.4057768500509553,0.0358169648942555,2019-08-25T04:39:35.950
1.7174144116928076,0.004712787844835555,2019-09-13T20:15:07.952
1.7515573992499789,0.0022316927924888362,2019-09-25T08:19:11.915
1.7852971713189554,0.004076955551445395,2019-08-21T00:36:29.228
1.6464234599372993,0.0026632661034404663,2019-09-03T04:57:18.426
1.7519327956806805,0.0045325062107537265,2019-08-17T20:42:05.715
1.7472844836444938,0.0024312056994875517,2019-09-28T08:39:29.320
1.648227351740566,0.003823274885189077,2019-09-21T20:05:50.894
1.6997298080627257,0.0023001876474803328,2019-08-12T08:26:25.662
1.7220730405878282,0.003265712474283284,2019-08-19T11:47:46.101
1.7187864724169053,0.00234936297942624,2019-08-13T08:25:06.408
1.788343676702791,0.004163614066386164,2019-08-22T00:43:04.119
1.721615511672912,0.003671195899325227,2019-09-26T05:08:49.921
1.796547975199882,0.004620217340313595,2019-09-26T20:09:38.585
1.6181812226666654,0.004004906941113728,2019-09-14T20:30:09.742
1.690886975924185,0.002776806767617206,2019-08-05T05:07:13.660
4.168646453826987,0.03834235580945805,2019-09-12T23:46:55.104
1.7455872240035593,0.00410564695571384,2019-09-25T21:15:17.075
1.7514935993468743,0.0038411611026371592,2019-09-03T23:48:07.097
4.63187054145571,0.07526355075318164,2019-08-26T04:51:53.037
1.7384573448919234,0.0047192586116108605,2019-09-11T07:48:04.434
1.7822615346699546,0.015084271269017197,2019-09-02T07:51:10.584
1.7409788062204132,0.00402790674965214,2019-09-21T00:25:10.061
1.7119951183034186,0.00245090467987125,2019-09-01T07:51:29.237
1.7564744924540179,0.004013552569602112,2019-09-17T20:17:23.558
1.7614167227174509,0.007919818756000622,2019-08-29T04:55:20.652
1.706111948552687,0.004533183915884037,2019-09-18T00:07:17.681
3.678891249835985,0.02058949855181912,2019-08-25T07:47:51.182
1.7566156707152025,0.004206464102654819,2019-09-01T20:26:27.082
1.7443040207520184,0.004806050863255823,2019-09-10T20:20:04.194
1.7763430431089162,0.004533836374379471,2019-08-19T20:50:18.085
1.753501427108887,0.006375210571012258,2019-08-08T20:58:55.411
1.6923880000922775,0.004431290024881475,2019-09-30T20:06:32.866
1.7322918503780773,0.0035662895889087263,2019-08-06T03:20:21.900
2.091891012830982,0.028504494578766325,2019-08-23T20:54:40.560
1.7526698823588358,0.002315762748285118,2019-08-24T11:44:26.186
1.6743875518565865,0.003997439601692365,2019-08-10T21:10:47.787
1.7597899843412907,0.0038002555400194838,2019-08-03T23:01:44.675
1.7416857994040704,0.00262655115378209,2019-09-30T05:07:57.568
1.7575971371903858,0.003974891003473918,2019-09-23T00:04:33.112
4.366341198555471,0.07293301590064279,2019-08-15T08:50:09.628
1.7273772569683867,0.0025612348646923385,2019-08-23T11:47:10.835
1.7420117764934115,0.004296774568399633,2019-09-27T20:08:31.178
1.769489245917713,0.004720613041077195,2019-08-25T20:43:06.692
1.3216518461485744,0.004026131906884349,2019-08-16T00:30:46.568
1.7667793440892101,0.004375615704905704,2019-09-20T00:08:38.465
1.6732941120305398,0.0026058614090182994,2019-09-27T05:10:15.636
1.7792022584166531,0.0041921563297547225,2019-09-26T00:36:59.872
1.7340766945374941,0.011401494197564626,2019-09-07T20:19:52.864
1.799973138947955,0.0039909402506215115,2019-09-02T23:45:40.765
1.6430138687433455,0.0038130200743339056,2019-09-22T00:11:15.072
1.7204941236418296,0.004008341182917108,2019-08-28T00:37:52.954
1.7263858645012125,0.003941853394852334,2019-09-20T00:07:40.607
1.7240279843163044,0.0037242312168604837,2019-09-05T23:49:27.644
1.720077023418165,0.002255928108312827,2019-09-27T08:46:14.409
4.794704554587881,0.05544968559132831,2019-08-27T04:45:30.231
1.7202256409252499,0.002302516408744967,2019-09-23T09:12:47.309
1.723627299241837,0.0037185464531450177,2019-08-11T03:21:18.775
1.6831155303886671,0.0041846563840781635,2019-08-10T03:02:15.712
1.6741172940561242,0.0027094194315393175,2019-08-03T08:27:26.211
1.9272663228763989,0.022750675434897775,2019-08-26T04:01:23.812
1.7752724064824914,0.004835934718187215,2019-08-26T23:59:12.460
1.6958122795182007,0.002301806357069356,2019-09-29T08:06:59.141
1.7788501085038746,0.004494008239235753,2019-09-25T00:28:41.244
1.75466374499792,0.004107370760193344,2019-08-09T02:27:42.027
1.7155375863196163,0.004825066325265073,2019-09-24T04:19:58.347
1.6925188451218478,0.019184856720769947,2019-08-20T07:45:32.865
1.6615985604070023,0.0026694544088378047,2019-09-03T04:53:52.913
4.853453790026535,0.06433657781439295,2019-09-23T00:05:58.432
1.500340877715388,0.022891722049277186,2019-08-16T04:52:47.013
1.746275484772383,0.0072867273952918355,2019-08-16T20:59:05.356
1.7384041328463002,0.004286279310280903,2019-09-11T23:44:28.406
4.494427523640022,0.0739884233231218,2019-08-15T04:51:51.615
1.6856420082168064,0.003733191190927309,2019-09-05T20:43:18.985
1.7457321428353136,0.0022974320811383325,2019-08-09T08:28:51.092
1.7184506376191404,0.005085047221037184,2019-08-07T08:26:16.469
1.7231244279164457,0.0042544901749711084,2019-09-21T20:05:49.765
1.6941693383117657,0.033284422426086736,2019-09-20T08:21:37.597
1.8092886825462777,0.003942420007122617,2019-09-01T23:47:04.918
1.7709333461672454,0.0041774385371541435,2019-08-29T00:14:48.681
1.724550663058194,0.0038147085686574015,2019-09-19T21:06:33.669
1.7237133619615381,0.003635343624121523,2019-09-26T05:09:58.391
1.7165214196047778,0.005007838292042158,2019-08-17T07:44:25.038
1.7048566594408978,0.0029708442662758146,2019-08-05T08:27:26.090
1.7403696150998211,0.0033067651768632134,2019-08-22T11:51:19.431
1.6545089027313136,0.004118026817654766,2019-09-15T20:25:56.548
1.7496376859964933,0.0038374512738800835,2019-09-04T21:07:19.558
1.753236066181321,0.0040432678271594465,2019-08-21T20:57:45.416
1.7638328071924345,0.004539723648714143,2019-08-13T03:19:55.003
1.7183475177214884,0.0041133583897771525,2019-09-25T20:32:40.033
1.7262714489594497,0.0043650835743934725,2019-08-14T03:00:15.313
1.72788070853907,0.0040003531607877224,2019-08-11T21:29:57.502
1.7287382852084487,0.0022454467626428385,2019-09-27T08:27:46.180
1.7771297136485718,0.005882631851929977,2019-08-25T00:21:40.733
1.7645251587718747,0.003866740083204572,2019-08-02T22:30:14.222
1.4093172888004641,0.003054498293967401,2019-09-20T21:00:47.435
1.7632723261108776,0.003874247615113131,2019-08-04T22:17:05.271
1.7652492737109906,0.0022896408733955966,2019-09-07T07:47:04.479
1.6524502596176607,0.018704930551804125,2019-08-16T20:57:50.842
1.6518196847093467,0.004131175835648044,2019-09-12T20:51:12.011
3.548301684185656,0.03535228166012688,2019-08-22T07:45:32.808
1.7537791817840613,0.004154211401238628,2019-08-09T02:25:14.619
1.7650060901737756,0.004939350113542597,2019-09-30T20:04:33.353
1.7662567064705001,0.005445080392776162,2019-08-07T08:25:07.871
1.7056572549199291,0.002313670687285303,2019-09-29T08:03:19.528
1.6938515147360373,0.0028835312159709294,2019-09-14T08:44:32.091
4.3878592151403435,0.08462042572413504,2019-08-20T04:55:47.898
1.77379635532575,0.005485581941217849,2019-09-29T00:32:47.417
1.7463814857074862,0.002913586994547582,2019-08-06T10:05:20.673
1.717651674701333,0.003683672965956294,2019-09-05T23:53:07.444
1.7228029632865596,0.00399166581620285,2019-09-24T00:09:50.381
1.6255743694200984,0.0036678577529787332,2019-09-18T20:37:40.272
1.7728897708212727,0.003985928091623397,2019-08-06T21:04:09.114
1.7983049149702435,0.004328127228884431,2019-09-19T20:59:39.466
1.6886365654619926,0.00423220054588214,2019-08-25T23:46:54.188
6.925807834414728,0.38351282885478316,2019-09-06T23:45:38.242
1.7505559481116073,0.01181348563008907,2019-09-07T20:16:07.725
1.7487466519063322,0.0032642852258635874,2019-08-22T11:52:32.613
1.7106950995371246,0.0038357574359843155,2019-09-22T00:26:16.019
1.7068404570015954,0.0023484085167136295,2019-09-22T08:05:47.920
1.7701663695662742,0.005822203072898941,2019-09-07T23:46:56.418
1.6458369104424175,0.004476991666165361,2019-08-31T00:38:54.179
1.7537025606839958,0.004727803100351428,2019-09-15T00:16:30.066
1.7081024684143724,0.004229053841929333,2019-08-28T20:42:56.357
1.7398725161350939,0.005747752929374874,2019-08-15T20:52:54.745
1.718565574957248,0.0025451469788569437,2019-09-23T09:12:48.267
1.730433651170154,0.01516651150815418,2019-09-18T07:45:36.599
1.7423536698507096,0.003574113549552644,2019-08-06T03:24:02.773
1.7764335042949053,0.003940783689083448,2019-08-01T04:12:59.645
1.756600714682211,0.002317320937655588,2019-08-24T11:48:07.556
1.769951242128358,0.11679168893126467,2019-08-30T04:55:46.238
1.7530799412798164,0.0025382436807025624,2019-09-30T05:11:36.934
1.763289014994701,0.002496723360840768,2019-09-25T08:23:55.914
1.7191807232018448,0.0041921603725422855,2019-09-10T23:45:38.281
1.371181052704916,0.001864315072573309,2019-09-30T08:56:58.481
1.7316552778715906,0.005887300064290591,2019-09-17T20:45:27.133
1.352925931744,0.005632031840089903,2019-09-30T00:12:42.652
1.789820811678947,0.004398864452152535,2019-09-24T20:17:32.206
1.7510164590106019,0.0040472452903641265,2019-08-11T21:26:16.983
4.2501799411798045,0.034448258654597115,2019-08-31T23:48:08.428
4.463029537111508,0.07970950474345098,2019-08-15T08:49:01.022
1.4277487954158374,0.07329070459949215,2019-08-16T11:48:07.995
1.7178337016644978,0.003822317619958015,2019-09-04T21:03:39.095
1.754454332474575,0.002524683366358173,2019-09-29T08:21:04.131
1.759765785002278,0.004362923109311267,2019-09-20T00:09:52.830
1.6412242700953232,0.0038181194047284266,2019-09-22T00:10:01.832
1.6219003936410221,0.004115467512214563,2019-09-15T20:29:36.565
1.746211016215165,0.004045847121113013,2019-09-25T00:06:28.256
1.7545438060686873,0.00267653638863624,2019-08-20T11:49:37.988
1.6777774286334406,0.06267022568522279,2019-09-16T20:14:54.418
4.679326042252371,0.05138284380571406,2019-08-26T07:44:26.576
1.712871711388832,0.004034756988621884,2019-08-10T21:07:06.910
1.7178095393516166,0.0022925457484366646,2019-09-23T09:14:00.325
1.7624133567113915,0.006708984220408377,2019-08-21T07:45:51.273
1.7211313206953402,0.002736576250150343,2019-09-25T05:08:42.023
1.4004002702263918,0.004213081441910597,2019-08-18T23:45:35.514
1.6690235268468054,0.0025962146477018265,2019-09-27T05:13:41.027
1.7110971307909022,0.004699111140875698,2019-08-09T20:55:36.514
1.6673404155751168,0.0050010366496732375,2019-09-15T23:44:24.866
1.7745162006946806,0.004486970823768663,2019-09-25T00:27:26.847
1.7507048428651615,0.004392929422239286,2019-09-20T05:14:39.820
1.7574728478561532,0.0025990053287674674,2019-08-21T11:45:33.284
1.7099100278166812,0.0022487251383067975,2019-09-22T05:16:54.141
1.7837613684458216,0.004302006509110176,2019-09-04T20:36:37.316
1.7827376052877089,0.0189568961206164,2019-08-29T07:44:24.019
1.7577651754236374,0.0043371078946313635,2019-09-18T23:48:22.772
1.7671441430526826,0.004634848695755485,2019-08-07T21:25:22.162
1.7960079599817842,0.004166689143122804,2019-08-22T00:39:20.620
1.7553185537066618,0.0038796043845512464,2019-09-03T20:49:01.372
1.727473161419244,0.002724750650261033,2019-09-23T05:09:50.117
1.7447406462442316,0.04691778050131268,2019-09-24T04:42:29.016
1.7781467139879137,0.04534581324437945,2019-09-20T09:12:08.129
1.666359561870319,0.005300404624552676,2019-08-16T23:44:38.548
1.7612822943578479,0.004401750595982596,2019-09-27T20:33:04.262
1.6871233679407887,0.002215509058392141,2019-09-26T08:44:35.173
1.7094936569769015,0.0026780104410939927,2019-09-28T08:38:59.564
1.7058314389102556,0.0039523626900577,2019-09-08T23:44:24.154
4.92424248826571,0.06471439576123554,2019-08-30T00:20:34.708
1.8158486166041534,0.0037991388562570953,2019-08-05T21:44:46.161
1.7966885204117364,0.004531780884678765,2019-09-06T20:20:20.706
1.780029808430859,0.004551143722297163,2019-08-19T20:51:32.495
1.7850756171835656,0.004914026403718376,2019-09-28T20:17:40.235
1.7706703193090618,0.003982504999058718,2019-09-02T20:51:33.286
6.569849719824386,0.34776041693133464,2019-09-13T23:46:55.301
1.7109401114267495,0.0028869925364702893,2019-08-13T08:48:59.898
1.7334278000510412,0.002401957457856274,2019-08-18T08:55:13.974
1.6762842707207408,0.0025734836321689384,2019-09-04T04:43:08.005
1.7206375908231344,0.00299393737227538,2019-09-03T07:47:51.199
1.7641850922843307,0.004128298093373713,2019-08-24T00:28:56.940
1.6974902041453248,0.0026040113646648945,2019-09-27T04:48:22.798
1.4208005691172705,0.004237167873358842,2019-08-19T00:17:08.224
5.351134903812419,0.11381828983134483,2019-09-22T08:21:00.277
1.6505843054868627,0.002511804754570248,2019-09-22T05:19:01.309
1.719944689120135,0.0029120497100188886,2019-09-30T04:57:32.727
1.3610481623872044,0.002962466256199477,2019-08-12T03:11:14.523
3.704169539862158,0.02054746467565897,2019-08-27T07:46:40.908
1.6933010226108909,0.0051663340151324256,2019-09-20T05:15:52.836
1.360500626728454,0.0017677389869363614,2019-09-30T08:37:13.646
1.7410850359953045,0.0022177384260910478,2019-08-23T07:45:52.777
5.222332764107659,0.17440930592951814,2019-09-30T00:15:50.419
1.4979777999416948,0.1603257474456537,2019-09-16T20:16:08.741
1.4468205716506244,0.004182193687945862,2019-09-10T00:19:46.925
1.7170138089725047,0.005474480157261703,2019-08-30T07:44:25.778
1.6585638245656984,0.002475656826665874,2019-08-03T05:05:15.226
7.038127679851911,0.6457038609396807,2019-08-10T08:26:22.711
1.6013538414959587,0.003990341387481427,2019-09-14T20:33:51.254
6.95365876836217,0.6196447675366404,2019-09-15T23:48:05.360
1.7021345993499288,0.0026610839298239664,2019-08-11T08:48:12.647
5.610821912465527,0.1808559817904182,2019-08-27T20:52:44.833
1.7352168484734527,0.002644172423985572,2019-08-18T11:56:56.375
1.7810653502385545,0.005550329375652262,2019-09-23T20:04:34.982
1.1895633497355629,0.002804700440972633,2019-09-08T20:23:31.232
